"region_id","default_name"
"Bangkok","Khlong Toei"
"Bangkok","Khlong San"
"Bangkok","Khlong Sam Wa"
"Bangkok","Khan Na Yao"
"Bangkok","Chatuchak"
"Bangkok","Chom Thong"
"Bangkok","Don Mueang"
"Bangkok","Din Daeng"
"Bangkok","Dusit"
"Bangkok","Taling Chan"
"Bangkok","Thawi Watthana"
"Bangkok","Thung Khru"
"Bangkok","Thon Buri"
"Bangkok","Bang Khen"
"Bangkok","Bang Khae"
"Bangkok","Bangkok Yai"
"Bangkok","Bangkok Noi"
"Bangkok","Bang Kapi"
"Bangkok","Bang Khun Thian"
"Bangkok","Bang Kho Laem"
"Bangkok","Bang Sue"
"Bangkok","Bang Na"
"Bangkok","Bang Bon"
"Bangkok","Bang Phlat"
"Bangkok","Bang Rak"
"Bangkok","Bueng Kum"
"Bangkok","Pathum Wan"
"Bangkok","Prawet"
"Bangkok","Pom Prap Sattru Phai"
"Bangkok","Phaya Thai"
"Bangkok","Phra Khanong"
"Bangkok","Phra Nakhon"
"Bangkok","Phasi Charoen"
"Bangkok","Min Buri"
"Bangkok","Yan Nawa"
"Bangkok","Ratchathewi"
"Bangkok","Rat Burana"
"Bangkok","Lat Krabang"
"Bangkok","Lat Phrao"
"Bangkok","Wang Thonglang"
"Bangkok","Watthana"
"Bangkok","Suan Luang"
"Bangkok","Saphan Sung"
"Bangkok","Samphanthawong"
"Bangkok","Sathon"
"Bangkok","Sai Mai"
"Bangkok","Nong Khaem"
"Bangkok","Nong Chok"
"Bangkok","Lak Si"
"Bangkok","Huai Khwang"
"Samut Prakarn","Mueang Samut Prakan"
"Samut Prakarn","Bang Sao Thong"
"Samut Prakarn","Bang Bo"
"Samut Prakarn","Bang Phli"
"Samut Prakarn","Phra Pradaeng"
"Samut Prakarn","Phra Samut Chedi"
"Nonthaburi","Mueang Nonthaburi"
"Nonthaburi","Sai Noi"
"Nonthaburi","Bang Yai"
"Nonthaburi","Bang Kruai"
"Nonthaburi","Bang Bua Thong"
"Nonthaburi","Pak Kret"
"Nonthaburi","บางใหญ่1"
"Pathum Thani","Mueang Pathum Thani"
"Pathum Thani","Khlong Luang"
"Pathum Thani","Thanyaburi"
"Pathum Thani","Lat Lum Kaeo"
"Pathum Thani","Lam Luk Ka"
"Pathum Thani","Sam Khok"
"Pathum Thani","Nong Suea"
"Ayutthaya","Sena"
"Ayutthaya","Tha Ruea"
"Ayutthaya","Nakhon Luang"
"Ayutthaya","Bang Sai"
"Ayutthaya","Bang Zai"
"Ayutthaya","Bang Ban"
"Ayutthaya","Bang Pahan"
"Ayutthaya","Bang Pa-in"
"Ayutthaya","Ban Phraek"
"Ayutthaya","Phak Hai"
"Ayutthaya","Phra Nakhon Si Ayutthaya"
"Ayutthaya","Phachi"
"Ayutthaya","Maha Rat"
"Ayutthaya","Lat Bua Luang"
"Ayutthaya","Wang Noi"
"Ayutthaya","Uthai"
"Ang Thong","Mueang Ang Thong"
"Ang Thong","Sawaeng Ha"
"Ang Thong","Pho Thong"
"Ang Thong","Chaiyo"
"Ang Thong","Pa Mok"
"Ang Thong","Wiset Chai Chan"
"Ang Thong","Samko"
"Lop Buri","Mueang Lopburi"
"Lop Buri","Khok Charoen"
"Lop Buri","Khok Samrong"
"Lop Buri","Chai Badan"
"Lop Buri","Tha Wung"
"Lop Buri","Tha Luang"
"Lop Buri","Ban Mi"
"Lop Buri","Phatthana Nikhom"
"Lop Buri","Lam Sonthi"
"Lop Buri","Sa Bot"
"Lop Buri","Nong Muang"
"Singburi","Mueang Sing Buri"
"Singburi","Khai Bang Rachan"
"Singburi","Tha Chang"
"Singburi","Bang Rachan"
"Singburi","Phrom Buri"
"Singburi","In Buri"
"Chai Nat","Noen Kham"
"Chai Nat","Mueang Chai Nat"
"Chai Nat","Manorom"
"Chai Nat","Wat Sing"
"Chai Nat","Sankhaburi"
"Chai Nat","Sapphaya"
"Chai Nat","Nong Mamong"
"Chai Nat","Hankha"
"Saraburi","Chaloem Phra Kiat"
"Saraburi","Mueang Saraburi"
"Saraburi","Sao Hai"
"Saraburi","Kaeng Khoi"
"Saraburi","Don Phut"
"Saraburi","Ban Mo"
"Saraburi","Phra Phutthabat"
"Saraburi","Muak Lek"
"Saraburi","Wang Muang"
"Saraburi","Wihan Daeng"
"Saraburi","Nong Khae"
"Saraburi","Nong Saeng"
"Saraburi","Nong Don"
"Chonburi","Ko Chan"
"Chonburi","Ko Sichang"
"Chonburi","Mueang Chonburi"
"Chonburi","Bo Thong"
"Chonburi","Bang Lamung"
"Chonburi","Ban Bueng"
"Chonburi","Phanat Nikhom"
"Chonburi","Phan Thong"
"Chonburi","Si Racha"
"Chonburi","Sattahip"
"Chonburi","Nong Yai"
"Rayong","Khao Chamao"
"Rayong","Mueang Rayong"
"Rayong","Klaeng"
"Rayong","Nikhom Phatthana"
"Rayong","Ban Khai"
"Rayong","Ban Chang"
"Rayong","Pluak Daeng"
"Rayong","Wang Chan"
"Chanthaburi","Khao Khitchakut"
"Chanthaburi","Mueang Chanthaburi"
"Chanthaburi","Kaeng Hang Maeo"
"Chanthaburi","Laem Sing"
"Chanthaburi","Pong Nam Ron"
"Chanthaburi","Khlung"
"Chanthaburi","Tha Mai"
"Chanthaburi","Na Yai Am"
"Chanthaburi","Makham"
"Chanthaburi","Soi Dao"
"Trat","Ko Kut"
"Trat","Ko Chang"
"Trat","Khao Saming"
"Trat","Mueang Trat"
"Trat","Laem Ngop"
"Trat","Khlong Yai"
"Trat","Bo Rai"
"Chachoengsao","Mueang Chachoengsao"
"Chachoengsao","Plaeng Yao"
"Chachoengsao","Khlong Khuean"
"Chachoengsao","Tha Takiap"
"Chachoengsao","Bang Khla"
"Chachoengsao","Bang Nam Priao"
"Chachoengsao","Bang Pakong"
"Chachoengsao","Ban Pho"
"Chachoengsao","Phanom Sarakham"
"Chachoengsao","Ratchasan"
"Chachoengsao","Sanam Chai Khet"
"Prachinburi","Mueang Prachinburi"
"Prachinburi","Kabin Buri"
"Prachinburi","Na Di"
"Prachinburi","Ban Sang"
"Prachinburi","Prachantakham"
"Prachinburi","Si Mahosot"
"Prachinburi","Si Maha Phot"
"Nakhon Nayok","Mueang Nakhon Nayok"
"Nakhon Nayok","Ban Na"
"Nakhon Nayok","Pak Phli"
"Nakhon Nayok","Ongkharak"
"Sa Kaeo","Khao Chakan"
"Sa Kaeo","Mueang Sa Kaeo"
"Sa Kaeo","Khok Sung"
"Sa Kaeo","Khlong Hat"
"Sa Kaeo","Ta Phraya"
"Sa Kaeo","Wang Nam Yen"
"Sa Kaeo","Wang Sombun"
"Sa Kaeo","Watthana Nakhon"
"Sa Kaeo","Aranyaprathet"
"Nakhon Ratchasima","Chaloem Phra Kiat"
"Nakhon Ratchasima","Thepharak"
"Nakhon Ratchasima","Mueang Nakhon Ratchasima"
"Nakhon Ratchasima","Mueang Yang"
"Nakhon Ratchasima","Soeng Sang"
"Nakhon Ratchasima","Kaeng Sanam Nang"
"Nakhon Ratchasima","Chok Chai"
"Nakhon Ratchasima","Non Daeng"
"Nakhon Ratchasima","Non Thai"
"Nakhon Ratchasima","Non Sung"
"Nakhon Ratchasima","Kham Thale So"
"Nakhon Ratchasima","Kham Sakaesaeng"
"Nakhon Ratchasima","Khong"
"Nakhon Ratchasima","Khon Buri"
"Nakhon Ratchasima","Chakkarat"
"Nakhon Ratchasima","Chum Phuang"
"Nakhon Ratchasima","Dan Khun Thot"
"Nakhon Ratchasima","Bua Yai"
"Nakhon Ratchasima","Bua Lai"
"Nakhon Ratchasima","Ban Lueam"
"Nakhon Ratchasima","Prathai"
"Nakhon Ratchasima","Pak Thong Chai"
"Nakhon Ratchasima","Pak Chong"
"Nakhon Ratchasima","Phra Thong Kham"
"Nakhon Ratchasima","Phimai"
"Nakhon Ratchasima","Lam Thamenchai"
"Nakhon Ratchasima","Wang Nam Khiao"
"Nakhon Ratchasima","Sikhio"
"Nakhon Ratchasima","Sida"
"Nakhon Ratchasima","Sung Noen"
"Nakhon Ratchasima","Nong Bun Mak"
"Nakhon Ratchasima","Huai Thalaeng"
"Buriram","Chaloem Phra Kiat"
"Buriram","Mueang Buriram"
"Buriram","Khaen Dong"
"Buriram","Non Din Daeng"
"Buriram","Non Suwan"
"Buriram","Krasang"
"Buriram","Khu Mueang"
"Buriram","Chamni"
"Buriram","Na Pho"
"Buriram","Nang Rong"
"Buriram","Ban Mai Chaiyaphot"
"Buriram","Ban Kruat"
"Buriram","Ban Dan"
"Buriram","Prakhon Chai"
"Buriram","Pakham"
"Buriram","Phlapphla Chai"
"Buriram","Phutthaisong"
"Buriram","Lahan Sai"
"Buriram","Lam Plai Mat"
"Buriram","Satuek"
"Buriram","Nong Ki"
"Buriram","Nong Hong"
"Buriram","Huai Rat"
"Surin","Khwao Sinarin"
"Surin","Mueang Surin"
"Surin","Non Narai"
"Surin","Kap Choeng"
"Surin","Chom Phra"
"Surin","Chumphon Buri"
"Surin","Tha Tum"
"Surin","Buachet"
"Surin","Buache"
"Surin","Prasat"
"Surin","Phanom Dong Rak"
"Surin","Rattanaburi"
"Surin","Lamduan"
"Surin","Si Narong"
"Surin","Sikhoraphum"
"Surin","Sanom"
"Surin","Sangkha"
"Surin","Samrong Thap"
"Sisaket","Benchalak"
"Sisaket","Mueang Chan"
"Sisaket","Mueang Sisaket"
"Sisaket","Non Khun"
"Sisaket","Pho Si Suwan"
"Sisaket","Phrai Bueng"
"Sisaket","Kantharalak"
"Sisaket","Kanthararom"
"Sisaket","Khukhan"
"Sisaket","Khun Han"
"Sisaket","Nam Kliang"
"Sisaket","Bueng Bun"
"Sisaket","Prang Ku"
"Sisaket","Phayu"
"Sisaket","Phu Sing"
"Sisaket","Yang Chum Noi"
"Sisaket","Rasi Salai"
"Sisaket","Wang Hin"
"Sisaket","Si Rattana"
"Sisaket","Sila Lat"
"Sisaket","Huai Thap Than"
"Sisaket","Uthumphon Phisai"
"Ubon Ratchathani","Khemarat"
"Ubon Ratchathani","Khueang Nai"
"Ubon Ratchathani","Det Udom"
"Ubon Ratchathani","Mueang Ubon Ratchathani"
"Ubon Ratchathani","Lao Suea Kok"
"Ubon Ratchathani","Khong Chiam"
"Ubon Ratchathani","Pho Sai"
"Ubon Ratchathani","Kut Khaopun"
"Ubon Ratchathani","Don Mot Daeng"
"Ubon Ratchathani","Trakan Phuet Phon"
"Ubon Ratchathani","Tan Sum"
"Ubon Ratchathani","Thung Si Udom"
"Ubon Ratchathani","Na Yia"
"Ubon Ratchathani","Na Chaluai"
"Ubon Ratchathani","Na Tan"
"Ubon Ratchathani","Nam Khun"
"Ubon Ratchathani","Nam Yuen"
"Ubon Ratchathani","Buntharik"
"Ubon Ratchathani","Phibun Mangsahan"
"Ubon Ratchathani","Muang Sam Sip"
"Ubon Ratchathani","Warin Chamrap"
"Ubon Ratchathani","Si Mueang Mai"
"Ubon Ratchathani","Sawang Wirawong"
"Ubon Ratchathani","Samrong"
"Ubon Ratchathani","Sirindhorn"
"Yasothon","Mueang Yasothon"
"Yasothon","Loeng Nok Tha"
"Yasothon","Thai Charoen"
"Yasothon","Kut Chum"
"Yasothon","Kho Wang"
"Yasothon","Kham Khuean Kaeo"
"Yasothon","Sai Mun"
"Yasothon","Maha Chana Chai"
"Chaiyaphum","Kaset Sombun"
"Chaiyaphum","Thep Sathit"
"Chaiyaphum","Noen Sa-nga"
"Chaiyaphum","Mueang Chaiyaphum"
"Chaiyaphum","Kaeng Khro"
"Chaiyaphum","Khon Sawan"
"Chaiyaphum","Khon San"
"Chaiyaphum","Chatturat"
"Chaiyaphum","Sap Yai"
"Chaiyaphum","Ban Khwao"
"Chaiyaphum","Ban Thaen"
"Chaiyaphum","Bamnet Narong"
"Chaiyaphum","Phakdi Chumphon"
"Chaiyaphum","Phu Khiao"
"Chaiyaphum","Nong Bua Daeng"
"Chaiyaphum","Nong Bua Rawe"
"Amnat Charoen","Mueang Amnat Charoen"
"Amnat Charoen","Senangkhanikhom"
"Amnat Charoen","Chanuman"
"Amnat Charoen","Pathum Ratchawongsa"
"Amnat Charoen","Phana"
"Amnat Charoen","Lue Amnat"
"Amnat Charoen","Hua Taphan"
"Bueng Kan","Mueang Bueng Kan"
"Bueng Kan","Seka"
"Bueng Kan","So Phisai"
"Bueng Kan","Bueng Khong Long"
"Bueng Kan","Bung Khla"
"Bueng Kan","Pak Khat"
"Bueng Kan","Phon Charoen"
"Bueng Kan","Si Wilai"
"Nong Bua Lamphu","Mueang Nongbua Lamphu"
"Nong Bua Lamphu","Non Sang"
"Nong Bua Lamphu","Na Klang"
"Nong Bua Lamphu","Na Wang"
"Nong Bua Lamphu","Si Bun Rueang"
"Nong Bua Lamphu","Suwannakhuha"
"Khon Kaen","Non Sila"
"Khon Kaen","Khao Suan Kwang"
"Khon Kaen","Pueai Noi"
"Khon Kaen","Mueang Khon Kaen"
"Khon Kaen","Wiang Kao"
"Khon Kaen","Waeng Yai"
"Khon Kaen","Waeng Noi"
"Khon Kaen","Khok Pho Chai"
"Khon Kaen","Kranuan"
"Khon Kaen","Chonnabot"
"Khon Kaen","Chum Phae"
"Khon Kaen","Sam Sung"
"Khon Kaen","Nam Phong"
"Khon Kaen","Ban Haet"
"Khon Kaen","Ban Phai"
"Khon Kaen","Ban Fang"
"Khon Kaen","Phra Yuen"
"Khon Kaen","Phon"
"Khon Kaen","Phu Wiang"
"Khon Kaen","Phu Pha Man"
"Khon Kaen","Mancha Khiri"
"Khon Kaen","Si Chomphu"
"Khon Kaen","Nong Ruea"
"Khon Kaen","Nong Na Kham"
"Khon Kaen","Nong Song Hong"
"Khon Kaen","Ubolratana"
"Udon Thani","Phen"
"Udon Thani","Mueang Udon Thani"
"Udon Thani","Non Sa-at"
"Udon Thani","Chai Wan"
"Udon Thani","Kut Chap"
"Udon Thani","Kumphawapi"
"Udon Thani","Ku Kaeo"
"Udon Thani","Thung Fon"
"Udon Thani","Na Yung"
"Udon Thani","Nam Som"
"Udon Thani","Ban Dung"
"Udon Thani","Ban Phue"
"Udon Thani","Prachaksinlapakhom"
"Udon Thani","Phibun Rak"
"Udon Thani","Wang Sam Mo"
"Udon Thani","Si That"
"Udon Thani","Sang Khom"
"Udon Thani","Nong Saeng"
"Udon Thani","Nong Wua So"
"Udon Thani","Nong Han"
"Loei","Chiang Khan"
"Loei","Mueang Loei"
"Loei","Erawan"
"Loei","Dan Sai"
"Loei","Tha Li"
"Loei","Na Haeo"
"Loei","Na Duang"
"Loei","Pak Chom"
"Loei","Pha Khao"
"Loei","Phu Ruea"
"Loei","Phu Kradueng"
"Loei","Phu Luang"
"Loei","Wang Saphung"
"Loei","Nong Hin"
"Nong Khai","Seka"
"Nong Khai","Fao Rai"
"Nong Khai","Mueang Nong Khai"
"Nong Khai","So Phisai"
"Nong Khai","Pho Tak"
"Nong Khai","Phon Phisai"
"Nong Khai","Tha Bo"
"Nong Khai","Bueng Khong Long"
"Nong Khai","Rattanawapi"
"Nong Khai","Si Chiang Mai"
"Nong Khai","Sakhrai"
"Nong Khai","Sangkhom"
"Maha Sarakham","Chiang Yuen"
"Maha Sarakham","Mueang Maha Sarakham"
"Maha Sarakham","Kae Dam"
"Maha Sarakham","Kosum Phisai"
"Maha Sarakham","Kantharawichai"
"Maha Sarakham","Kut Rang"
"Maha Sarakham","Chuen Chom"
"Maha Sarakham","Na Chueak"
"Maha Sarakham","Na Dun"
"Maha Sarakham","Borabue"
"Maha Sarakham","Phayakkhaphum Phisai"
"Maha Sarakham","Yang Sisurat"
"Maha Sarakham","Wapi Pathum"
"Roi Et","Phanom Phrai"
"Roi Et","Kaset Wisai"
"Roi Et","Chiang Khwan"
"Roi Et","Moei Wadi"
"Roi Et","Mueang Roi Et"
"Roi Et","Mueang Suang"
"Roi Et","Selaphum"
"Roi Et","Pho Chai"
"Roi Et","Phon Sai"
"Roi Et","Phon Thong"
"Roi Et","Chaturaphak Phiman"
"Roi Et","Changhan"
"Roi Et","Thung Khao Luang"
"Roi Et","Thawat Buri"
"Roi Et","Pathum Rat"
"Roi Et","Si Somdet"
"Roi Et","Suwannaphum"
"Roi Et","Nong Phok"
"Roi Et","Nong Hi"
"Roi Et","At Samat"
"Kalasin","Khao Wong"
"Kalasin","Mueang Kalasin"
"Kalasin","Kamalasai"
"Kalasin","Kuchinarai"
"Kalasin","Kham Muang"
"Kalasin","Khong Chai"
"Kalasin","Don Chan"
"Kalasin","Tha Khantho"
"Kalasin","Na Khu"
"Kalasin","Na Mon"
"Kalasin","Yang Talat"
"Kalasin","Rong Kham"
"Kalasin","Somdet"
"Kalasin","Sahatsakhan"
"Kalasin","Sam Chai"
"Kalasin","Nong Kung Si"
"Kalasin","Huai Mek"
"Kalasin","Huai Phueng"
"Sakon Nakhon","Charoen Sin"
"Sakon Nakhon","Tao Ngoi"
"Sakon Nakhon","Mueang Sakon Nakhon"
"Sakon Nakhon","Khok Si Suphan"
"Sakon Nakhon","Phon Na Kaeo"
"Sakon Nakhon","Kut Bak"
"Sakon Nakhon","Kusuman"
"Sakon Nakhon","Kham Ta Kla"
"Sakon Nakhon","Nikhom Nam Un"
"Sakon Nakhon","Ban Muang"
"Sakon Nakhon","Phanna Nikhom"
"Sakon Nakhon","Phang Khon"
"Sakon Nakhon","Phu Phan"
"Sakon Nakhon","Wanon Niwat"
"Sakon Nakhon","Waritchaphum"
"Sakon Nakhon","Sawang Daen Din"
"Sakon Nakhon","Song Dao"
"Sakon Nakhon","Akat Amnuai"
"Nakhon Phanom","Mueang Nakhon Phanom"
"Nakhon Phanom","Renu Nakhon"
"Nakhon Phanom","Phon Sawan"
"Nakhon Phanom","Tha Uthen"
"Nakhon Phanom","That Phanom"
"Nakhon Phanom","Na Kae"
"Nakhon Phanom","Na Thom"
"Nakhon Phanom","Na Wa"
"Nakhon Phanom","Ban Phaeng"
"Nakhon Phanom","Pla Pak"
"Nakhon Phanom","Wang Yang"
"Nakhon Phanom","Si Songkhram"
"Mukdahan","Mueang Mukdahan"
"Mukdahan","Khamcha-i"
"Mukdahan","Dong Luang"
"Mukdahan","Don Tan"
"Mukdahan","Nikhom Kham Soi"
"Mukdahan","Nong Sung"
"Mukdahan","Wan Yai"
"Chiang Mai","Chiang Dao"
"Chiang Mai","Mueang Chiang Mai"
"Chiang Mai","Wiang Haeng"
"Chiang Mai","Mae Chaem"
"Chiang Mai","Mae Taeng"
"Chiang Mai","Mae Rim"
"Chiang Mai","Mae Wang"
"Chiang Mai","Mae On"
"Chiang Mai","Mae Ai"
"Chiang Mai","Chai Prakan"
"Chiang Mai","Galyani Vadhana"
"Chiang Mai","Chom Thong"
"Chiang Mai","Doi Tao"
"Chiang Mai","Doi Saket"
"Chiang Mai","Doi Lo"
"Chiang Mai","Fang"
"Chiang Mai","Phrao"
"Chiang Mai","Samoeng"
"Chiang Mai","San Kamphaeng"
"Chiang Mai","San Sai"
"Chiang Mai","San Pa Tong"
"Chiang Mai","Saraphi"
"Chiang Mai","Hang Dong"
"Chiang Mai","Omkoi"
"Chiang Mai","Hot"
"Lamphun","Mueang Lamphun"
"Lamphun","Wiang Nong Long"
"Lamphun","Mae Tha"
"Lamphun","Thung Hua Chang"
"Lamphun","Ban Hong"
"Lamphun","Ban Thi"
"Lamphun","Pa Sang"
"Lamphun","Li"
"Lampang","Ko Kha"
"Lampang","Thoen"
"Lampang","Mueang Pan"
"Lampang","Mueang Lampang"
"Lampang","Soem Ngam"
"Lampang","Chae Hom"
"Lampang","Mae Mo"
"Lampang","Mae Tha"
"Lampang","Mae Phrik"
"Lampang","Ngao"
"Lampang","Wang Nuea"
"Lampang","Sop Prap"
"Lampang","Hang Chat"
"Uttaradit","Mueang Uttaradit"
"Uttaradit","Tron"
"Uttaradit","Thong Saen Khan"
"Uttaradit","Tha Pla"
"Uttaradit","Nam Pat"
"Uttaradit","Ban Khok"
"Uttaradit","Phichai"
"Uttaradit","Fak Tha"
"Uttaradit","Laplae"
"Phrae","Den Chai"
"Phrae","Mueang Phrae"
"Phrae","Rong Kwang"
"Phrae","Long"
"Phrae","Wang Chin"
"Phrae","Song"
"Phrae","Sung Men"
"Phrae","Nong Muang Khai"
"Nan","Chaloem Phra Kiat"
"Nan","Chiang Klang"
"Nan","Mueang Nan"
"Nan","Wiang Sa"
"Nan","Mae Charim"
"Nan","Tha Wang Pha"
"Nan","Thung Chang"
"Nan","Na Noi"
"Nan","Na Muen"
"Nan","Bo Kluea"
"Nan","Ban Luang"
"Nan","Pua"
"Nan","Phu Phiang"
"Nan","Song Khwae"
"Nan","Santi Suk"
"Phayao","Chiang Kham"
"Phayao","Chiang Muan"
"Phayao","Mueang Phayao"
"Phayao","Mae Chai"
"Phayao","Chun"
"Phayao","Dok Khamtai"
"Phayao","Pong"
"Phayao","Phu Kamyao"
"Phayao","Phu Sang"
"Chiang Rai","Chiang Saen"
"Chiang Rai","Chiang Khong"
"Chiang Rai","Thoeng"
"Chiang Rai","Mueang Chiang Rai"
"Chiang Rai","Wiang Chiang Rung"
"Chiang Rai","Wiang Kaen"
"Chiang Rai","Wiang Chai"
"Chiang Rai","Wiang Pa Pao"
"Chiang Rai","Mae Chan"
"Chiang Rai","Mae Fa Luang"
"Chiang Rai","Mae Lao"
"Chiang Rai","Mae Suai"
"Chiang Rai","Mae Sai"
"Chiang Rai","Khun Tan"
"Chiang Rai","Doi Luang"
"Chiang Rai","Pa Daet"
"Chiang Rai","Phaya Mengrai"
"Chiang Rai","Phan"
"Mae Hong Son","Mueang Mae Hong Son"
"Mae Hong Son","Mae La Noi"
"Mae Hong Son","Mae Sariang"
"Mae Hong Son","Khun Yuam"
"Mae Hong Son","Pang Mapha"
"Mae Hong Son","Pai"
"Mae Hong Son","Sop Moei"
"Nakhon Sawan","Kao Liao"
"Nakhon Sawan","Mueang Nakhon Sawan"
"Nakhon Sawan","Mae Poen"
"Nakhon Sawan","Mae Wong"
"Nakhon Sawan","Krok Phra"
"Nakhon Sawan","Phaisali"
"Nakhon Sawan","Chum Saeng"
"Nakhon Sawan","Chum Ta Bong"
"Nakhon Sawan","Tak Fa"
"Nakhon Sawan","Takhli"
"Nakhon Sawan","Tha Tako"
"Nakhon Sawan","Banphot Phisai"
"Nakhon Sawan","Phayuha Khiri"
"Nakhon Sawan","Lat Yao"
"Nakhon Sawan","Nong Bua"
"Uthai Thani","Mueang Uthai Thani"
"Uthai Thani","Thap Than"
"Uthai Thani","Ban Rai"
"Uthai Thani","Lan Sak"
"Uthai Thani","Sawang Arom"
"Uthai Thani","Nong Khayang"
"Uthai Thani","Nong Chang"
"Uthai Thani","Huai Khot"
"Kamphaeng Phet","Mueang Kamphaeng Phet"
"Kamphaeng Phet","Kosamphi Nakhon"
"Kamphaeng Phet","Sai Ngam"
"Kamphaeng Phet","Khanu Woralaksaburi"
"Kamphaeng Phet","Khlong Khlung"
"Kamphaeng Phet","Khlong Lan"
"Kamphaeng Phet","Sai Thong Watthana"
"Kamphaeng Phet","Bueng Samakkhi"
"Kamphaeng Phet","Pang Sila Thong"
"Kamphaeng Phet","Phran Kratai"
"Kamphaeng Phet","Lan Krabue"
"Tak","Mueang Tak"
"Tak","Mae Ramat"
"Tak","Mae Sot"
"Tak","Tha Song Yang"
"Tak","Ban Tak"
"Tak","Phop Phra"
"Tak","Wang Chao"
"Tak","Sam Ngao"
"Tak","Umphang"
"Sukhothai","Mueang Sukhothai"
"Sukhothai","Kong Krailat"
"Sukhothai","Khiri Mat"
"Sukhothai","Thung Saliam"
"Sukhothai","Ban Dan Lan Hoi"
"Sukhothai","Si Nakhon"
"Sukhothai","Si Satchanalai"
"Sukhothai","Si Samrong"
"Sukhothai","Sawankhalok"
"Phitsanulok","Noen Maprang"
"Phitsanulok","Mueang Phitsanulok"
"Phitsanulok","Chat Trakan"
"Phitsanulok","Nakhon Thai"
"Phitsanulok","Bang Krathum"
"Phitsanulok","Bang Rakam"
"Phitsanulok","Phrom Phiram"
"Phitsanulok","Wang Thong"
"Phitsanulok","Wat Bot"
"Phichit","Mueang Phichit"
"Phichit","Pho Thale"
"Phichit","Pho Prathap Chang"
"Phichit","Dong Charoen"
"Phichit","Taphan Hin"
"Phichit","Tap Khlo"
"Phichit","Bang Mun Nak"
"Phichit","Bueng Na Rang"
"Phichit","Wachirabarami"
"Phichit","Wang Sai Phun"
"Phichit","Sak Lek"
"Phichit","Sam Ngam"
"Phetchabun","Khao Kho"
"Phetchabun","Mueang Phetchabun"
"Phetchabun","Chon Daen"
"Phetchabun","Nam Nao"
"Phetchabun","Bueng Sam Phan"
"Phetchabun","Wang Pong"
"Phetchabun","Wichian Buri"
"Phetchabun","Si Thep"
"Phetchabun","Nong Phai"
"Phetchabun","Lom Kao"
"Phetchabun","Lom Sak"
"Ratchaburi","Mueang Ratchaburi"
"Ratchaburi","Photharam"
"Ratchaburi","Chom Bueng"
"Ratchaburi","Damnoen Saduak"
"Ratchaburi","Bang Phae"
"Ratchaburi","Ban Pong"
"Ratchaburi","Ban Kha"
"Ratchaburi","Pak Tho"
"Ratchaburi","Wat Phleng"
"Ratchaburi","Suan Phueng"
"Kanchanaburi","Mueang Kanchanaburi"
"Kanchanaburi","Lao Khwan"
"Kanchanaburi","Sai Yok"
"Kanchanaburi","Dan Makham Tia"
"Kanchanaburi","Thong Pha Phum"
"Kanchanaburi","Tha Muang"
"Kanchanaburi","Tha Maka"
"Kanchanaburi","Bo Phloi"
"Kanchanaburi","Phanom Thuan"
"Kanchanaburi","Si Sawat"
"Kanchanaburi","Sangkhla Buri"
"Kanchanaburi","Nong Prue"
"Kanchanaburi","Huai Krachao"
"Suphanburi","Doem Bang Nang Buat"
"Suphanburi","Mueang Suphanburi"
"Suphanburi","Don Chedi"
"Suphanburi","Dan Chang"
"Suphanburi","Bang Pla Ma"
"Suphanburi","Si Prachan"
"Suphanburi","Song Phi Nong"
"Suphanburi","Sam Chuk"
"Suphanburi","Nong Ya Sai"
"Suphanburi","U Thong"
"Nakhon Pathom","Mueang Nakhon Pathom"
"Nakhon Pathom","Kamphaeng Saen"
"Nakhon Pathom","Don Tum"
"Nakhon Pathom","Nakhon Chai Si"
"Nakhon Pathom","Bang Len"
"Nakhon Pathom","Phutthamonthon"
"Nakhon Pathom","Sam Phran"
"Samut Sakorn","Mueang Samut Sakhon"
"Samut Sakorn","Krathum Baen"
"Samut Sakorn","Ban Phaeo"
"Samut Songkhram","Mueang Samut Songkhram"
"Samut Songkhram","Bang Khonthi"
"Samut Songkhram","Amphawa"
"Phetchaburi","Khao Yoi"
"Phetchaburi","Mueang Phetchaburi"
"Phetchaburi","Kaeng Krachan"
"Phetchaburi","Cha-Am"
"Phetchaburi","Tha Yang"
"Phetchaburi","Ban Laem"
"Phetchaburi","Ban Lat"
"Phetchaburi","Nong Ya Plong"
"Prachuap Khiri Khan","Mueang Prachuap Khiri Khan"
"Prachuap Khiri Khan","Kui Buri"
"Prachuap Khiri Khan","Thap Sakae"
"Prachuap Khiri Khan","Bang Saphan"
"Prachuap Khiri Khan","Bang Saphan Noi"
"Prachuap Khiri Khan","Pran Buri"
"Prachuap Khiri Khan","Sam Roi Yot"
"Prachuap Khiri Khan","Hua Hin"
"Nakhon Si Thammarat","Mueang Nakhon Si Thammarat"
"Nakhon Si Thammarat","Chaloem Phra Kiat"
"Nakhon Si Thammarat","Chian Yai"
"Nakhon Si Thammarat","Khanom"
"Nakhon Si Thammarat","Chulabhorn"
"Nakhon Si Thammarat","Chawang"
"Nakhon Si Thammarat","Cha-uat"
"Nakhon Si Thammarat","Chang Klang"
"Nakhon Si Thammarat","Tham Phannara"
"Nakhon Si Thammarat","Tha Sala"
"Nakhon Si Thammarat","Thung Yai"
"Nakhon Si Thammarat","Thung Song"
"Nakhon Si Thammarat","Nopphitam"
"Nakhon Si Thammarat","Na Bon"
"Nakhon Si Thammarat","Bang Khan"
"Nakhon Si Thammarat","Pak Phanang"
"Nakhon Si Thammarat","Phrom Khiri"
"Nakhon Si Thammarat","Phra Phrom"
"Nakhon Si Thammarat","Phipun"
"Nakhon Si Thammarat","Ron Phibun"
"Nakhon Si Thammarat","Lan Saka"
"Nakhon Si Thammarat","Sichon"
"Nakhon Si Thammarat","Hua Sai"
"Krabi","Ko Lanta"
"Krabi","Khao Phanom"
"Krabi","Mueang Krabi"
"Krabi","Nuea Khlong"
"Krabi","Khlong Thom"
"Krabi","Plai Phraya"
"Krabi","Lam Thap"
"Krabi","Ao Luek"
"Phang Nga","Ko Yao"
"Phang Nga","Mueang Phang Nga"
"Phang Nga","Kapong"
"Phang Nga","Khura Buri"
"Phang Nga","Takua Thung"
"Phang Nga","Takua Pa"
"Phang Nga","Thap Put"
"Phang Nga","Thai Mueang"
"Phuket","Mueang Phuket"
"Phuket","Kathu"
"Phuket","Thalang"
"Surat Thani","Ko Pha-ngan"
"Surat Thani","Ko Samui"
"Surat Thani","Khian Sa"
"Surat Thani","Mueang Surat Thani"
"Surat Thani","Wiang Sa"
"Surat Thani","Chaiya"
"Surat Thani","Kanchanadit"
"Surat Thani","Khiri Rat Nikhom"
"Surat Thani","Chai Buri"
"Surat Thani","Don Sak"
"Surat Thani","Tha Chang"
"Surat Thani","Tha Chana"
"Surat Thani","Ban Ta Khun"
"Surat Thani","Ban Na Doem"
"Surat Thani","Ban Na San"
"Surat Thani","Phanom"
"Surat Thani","Phrasaeng"
"Surat Thani","Phunphin"
"Surat Thani","Vibhavadi"
"Ranong","Mueang Ranong"
"Ranong","Kra Buri"
"Ranong","Kapoe"
"Ranong","La-un"
"Ranong","Suk Samran"
"Chumphon","Mueang Chumphon"
"Chumphon","Tha Sae"
"Chumphon","Thung Tako"
"Chumphon","Pathio"
"Chumphon","Patho"
"Chumphon","Lamae"
"Chumphon","Sawi"
"Chumphon","Lang Suan"
"Songkhla","Thepha"
"Songkhla","Mueang Songkhla"
"Songkhla","Krasae Sin"
"Songkhla","Khlong Hoi Khong"
"Songkhla","Khuan Niang"
"Songkhla","Chana"
"Songkhla","Na Thawi"
"Songkhla","Na Mom"
"Songkhla","Bang Klam"
"Songkhla","Ranot"
"Songkhla","Rattaphum"
"Songkhla","Sathing Phra"
"Songkhla","Sadao"
"Songkhla","Saba Yoi"
"Songkhla","Singhanakhon"
"Songkhla","Hat Yai"
"Satun","Mueang Satun"
"Satun","Khuan Don"
"Satun","Khuan Kalong"
"Satun","Tha Phae"
"Satun","Thung Wa"
"Satun","Manang"
"Satun","La-ngu"
"Trang","Wang Wiset"
"Trang","Mueang Trang"
"Trang","Kantang"
"Trang","Na Yong"
"Trang","Palian"
"Trang","Yan Ta Khao"
"Trang","Ratsada"
"Trang","Wang Wiset "
"Trang","Sikao"
"Trang","Huai Yot"
"Trang","Hat Samran"
"Phatthalung","Khao Chaison"
"Phatthalung","Mueang Phatthalung"
"Phatthalung","Kong Ra"
"Phatthalung","Khuan Khanun"
"Phatthalung","Tamot"
"Phatthalung","Bang Kaeo"
"Phatthalung","Pak Phayun"
"Phatthalung","Pa Bon"
"Phatthalung","Pa Phayom"
"Phatthalung","Srinagarindra"
"Phatthalung","Si Banphot"
"Pattani","Mueang Pattani"
"Pattani","Mae Lan"
"Pattani","Khok Pho"
"Pattani","Mai Kaen"
"Pattani","Kapho"
"Pattani","Thung Yang Daeng"
"Pattani","Panare"
"Pattani","Mayo"
"Pattani","Yarang"
"Pattani","Yaring"
"Pattani","Sai Buri"
"Pattani","Nong Chik"
"Yala","Betong"
"Yala","Mueang Yala"
"Yala","Krong Pinang"
"Yala","Kabang"
"Yala","Than To"
"Yala","Bannang Sata"
"Yala","Yaha"
"Yala","Raman"
"Narathiwat","Cho-airong"
"Narathiwat","Mueang Narathiwat"
"Narathiwat","Waeng"
"Narathiwat","Chanae"
"Narathiwat","Tak Bai"
"Narathiwat","Bacho"
"Narathiwat","Yi-ngo"
"Narathiwat","Ra-ngae"
"Narathiwat","Rueso"
"Narathiwat","Si Sakhon"
"Narathiwat","Su-ngai Kolok"
"Narathiwat","Su-ngai Padi"
"Narathiwat","Sukhirin"
